Timeslot_1	aa	ab	ac	ad	ae	af	ag	ah	ai	aj	ak	al	am	an	
Timeslot_2	ba	bb	bc	bd	be	bf	bg	bh	bi	bj	bk	bl	bm	bn	
Timeslot_3	ca	cb	cc	cd	ce	cf	cg	ch	ci	cj	ck	cl	cm	cn	
Timeslot_4	da	db	dc	dd	de	df	dg	dh	di	dj	dk	dl	dm	dn	
Timeslot_5	ea	eb	ec	ed	ee	ef	eg	eh	ei	ej	ek	el	em	en	
Timeslot_6	fa	fb	fc	fd	fe	ff	fg	fh	fi	fj	fk	fl	fm	fn	
Timeslot_7	ga	gb	gc	gd	ge	gf	gg	gh	gi	gj	gk	gl	gm	gn	
Timeslot_8	ha	hb	hc	hd	he	hf	hg	hh	hi	hj	hk	hl	hm	hn	
Timeslot_9	ia	ib	ic	id	ie	if	ig	ih	ii	ij	ik	il	im	in	
Timeslot_10	ja	jb	jc	jd	je	jf	jg	jh	ji	jj	jk	jl	jm	jn	
Timeslot_11	ka	kb	kc	kd	ke	kf	kg	kh	ki	kj	kk	kl	km	kn	
Timeslot_12	la	lb	lc	ld	le	lf	lg	lh	li	lj	lk	ll	lm	
Timeslot_13	ma	mb	mc	md	me	mf	mg	mh	mi	mj	
Timeslot_14	na	nb	nc	nd	ne	nf	ng	nh	ni	nj	
Timeslot_15	oa	ob	oc	od	oe	of	og	oh	oi	oj	
Timeslot_16	pa	pb	pc	pd	pe	pf	pg	ph	pi	pj	
